box_id,original_no,province_zone,subzone,store_name,floor,contact,landmark,gps_lat,gps_lng,google_maps_url,status,cycle_months,last_collect_month,last_collect_day,last_collect_date,next_due_date,note
กทม.-1,,กทม.,โรงแรมเวสทินแกรนด์สุขุมวิท,ถนน พระราม 4,,,,,,,ใช้งาน,3,มี.ค,มี.ค.,,,
กทม.-2,,กทม.,บริษัท บิทคับ ออนไลน์ จำกัด Bitkub Online,เซ็นทรัลพระราม3,,,,,,,ใช้งาน,3,มี.ค,มี.ค.,,,
กทม.-3,,กทม.,ธนาคารออมสิน เซ็นทรัลพระราม 3(จิ๋ว),ทุ่งมหาเมฆ,,,,,,,ใช้งาน,3,มี.ค,มี.ค.,,,
กทม.-4,,กทม.,ศูนย์บริการNT สาขาทุ่งมหาเมฆ  (ติดประปา),สีลม/สาธร,,,,,,,ใช้งาน,3,มี.ค,มี.ค.,,,
กทม.-5,,กทม.,โรงพยาบาลกรุงเทพคริสเตียน,วิภาวดี ฯ,,,,,,,ใช้งาน,3,มี.ค,มี.ค.,,,
กทม.-6,,กทม.,สมาคมพระคริสต์ธรรมไทย,รัชโยธิน,,,,,,,ใช้งาน,3,มี.ค,มี.ค.,,,
กทม.-7,,กทม.,ร้านปังเว้ยเฮ้ย แยกรัชโยธิน,ถนนรัชดา,,,,,,,ใช้งาน,3,มี.ค,มี.ค.,,,
กทม.-8,,กทม.,มหิศร/  2  เวสท์ (กล่อง รังผึ้ง),ห้วยขวาง,,,,,,,ใช้งาน,3,มี.ค,มี.ค.,,,
กทม.-9,,กทม.,ร้านเสริมสวยบิ้วตี้ ทาม ซาลอน,ถนนลาดพร้าว,,,,,,,ใช้งาน,3,มี.ค,มี.ค.,,,
กทม.-10,,กทม.,คลีนิคแพทย์ลาดพร้าว ซอยลาดพร้าว 35/1,ศึกษาภัณฑ์ลาดพร้าว,,,,,,,ใช้งาน,3,มี.ค,2,,,
กทม.-11,,กทม.,คลีนิคแพทย์ลาดพร้าว ซอยลาดพร้าว 35/1,ศึกษาภัณฑ์ลาดพร้าว,,,,,,,ใช้งาน,3,มี.ค,2,,,
กทม.-12,,กทม.,บ้านพีรวิทย์,ธนาคารออมสิน สาขาโชคชัย 4,,,,,,,ใช้งาน,3,มี.ค,2,,,
กทม.-13,,กทม.,บ้านพีรวิทย์,ครัวทะเลใต้-ป้าตาท่าศาลา,,,ลาดพร้าว ซอย 71,,,,ใช้งาน,3,มี.ค,2,,,
กทม.-14,,กทม.,มหาวิทยาลัยรัตนบัณฑิตย์(RBAC),บิ๊กซีลาดพร้าว,,,,,,,ใช้งาน,3,มี.ค,มี.ค.,,,
กทม.-15,,กทม.,สยมภู เทเลคอม,โซนอนุสาวรีย์ชัย,,,,,,,ใช้งาน,3,มี.ค,มี.ค.,,,
กทม.-16,,กทม.,TEXAS สุกี้ สาขาเยาวราช(ขาตั้ง),สถานีรถไฟฟ้าสายสีน้ำเงิน (MRT),,,,,,,ใช้งาน,3,มี.ค,มี.ค.,,,
กทม.-17,,กทม.,สถานีรถไฟฟ้าจตุจักร,ถนนจรัญสนิทวงศ์/บางพลัด,,,,,,,ใช้งาน,3,มี.ค,มี.ค.,,,
กทม.-18,,กทม.,สถานีรถไฟฟ้าจตุจักร,ศูนย์มาสด้า พิบูลย์สงคราม,,,,,,,ใช้งาน,3,มี.ค,23,,,
กทม.-19,,กทม.,สถานีรถไฟฟ้าจตุจักร,สรรพากรพื้นที่เขตบางพลัด,,,,,,,ใช้งาน,3,มี.ค,23,,,
กทม.-20,,กทม.,มายซาลอน&บิวตึ้,Postnet  โลตัสจรัล,ชั้น 2,,,,,,ใช้งาน,3,มี.ค,23,,,
กทม.-21,,กทม.,มายซาลอน&บิวตึ้,ตลาดพลู,,,,,,,ใช้งาน,3,มี.ค,มี.ค.,,,
กทม.-22,,กทม.,ร้านข้าวหมูทอดบ้านแขก สี่แยกบ้านแขก,วงเวียนใหญ่,,,,,,,ใช้งาน,3,มี.ค,มี.ค.,,,
กทม.-23,,กทม.,ธนาคารออมสิน สาขาวงเวียนใหญ่,ถนนสมเด็จพระเจ้าตากสิน,,,,,,,ใช้งาน,3,มี.ค,มี.ค.,,,
กทม.-24,,กทม.,คลังยาจอมทอง,ห้างตั้งฮั่วเส็ง ธนบุรี-ถ.สิรินธร,,,,,,,ใช้งาน,3,มี.ค,มี.ค.,,,
กทม.-25,,กทม.,คลังยาจอมทอง,ศูนย์ทันตกรรมแนวใหม่ ถ.สิรินธร,,,,,,,ใช้งาน,3,มี.ค,23,,,
"กทม.-357,359,365,361,363 ถนน สิรินธร","357,359,365,361,363 ถนน สิรินธร",กทม.,คลังยาจอมทอง,D'life Coffee(กาแฟดีไลฟ์),,อยู่ใน บริษัท หัตถศาสตร์ไทย จำกัด,,,,,ใช้งาน,3,มี.ค,น้อย,,,
กทม.-27,,กทม.,คลังยาจอมทอง,ปิ่นเกล้า,,,,,,,ใช้งาน,3,มี.ค,มี.ค.,,,
กทม.-28,,กทม.,1Science(เฟิร์สซาย) อาคารทาวเวอร์บี,สาขาโลตัสปิ่นเกล้า,,,,,,,ใช้งาน,3,มี.ค,มี.ค.,,,
กทม.-29,,กทม.,สถาบัน DA'VANCE(อาจารย์ปิง),เขตสวนผัก,,,,,,,ใช้งาน,3,มี.ค,มี.ค.,,,
กทม.-30,,กทม.,ธนาคารออมสิน สวนผัก,ตลิ่งชัน,,,,,,,ใช้งาน,3,มี.ค,มี.ค.,,,
กทม.-31,,กทม.,สำนักงานจัดหางานกรุงเทพเขตพื้นที่ 7,ถ.เพชรเกษม,,,,,,,ใช้งาน,3,มี.ค,มี.ค.,,,
กทม.-32,,กทม.,โรงเรียนสอนภาษา Coaching English,เขตบางแค,,,,,,,ใช้งาน,3,มี.ค,มี.ค.,,,
กทม.-33,,กทม.,Post net บิ๊กซีเพชรเกษม,สามพราน,,,,,,,ใช้งาน,3,มี.ค,มี.ค.,,,
กทม.-34,,กทม.,โอชินข้าวมันไก่-ศรีสามพราน,เซ็นทรัลพระราม2,,,,,,,ใช้งาน,3,มี.ค,มี.ค.,,,
กทม.-35,,กทม.,วีด้าการดนตรี (veedamusic),ถนนพระราม2,,,,,,,ใช้งาน,3,มี.ค,มี.ค.,,,
กทม.-36,,กทม.,เฮียวัด ขาหมูนครปฐม ถนนเอกชัย,ถนนบางขุนเทียน-ชายทะเล,,,,,,,ใช้งาน,3,มี.ค,มี.ค.,,,
กทม.-37,,กทม.,ร้านเรืองฤทธิ์ ซีฟู้ด สาขาบางขุนเทียน,ถ.สุขสวัสดิ์,,,,,,,ใช้งาน,3,มี.ค,มี.ค.,,,
กทม.-38,,กทม.,ร้านไอปัง กาแฟสด สาขาพระสมุทรเจดีย์,ถ.รามคำแหง,,,,,,,ใช้งาน,3,มี.ค,มี.ค.,,,
กทม.-39,,กทม.,โรงพยาบาลกรุงเทพ 2 ซ. เพชรบุรี 47,ร้าน Bello café มหาวิทยาลัยรามคำแหง,,,,,,,ใช้งาน,3,มี.ค,2,,,
กทม.-40,,กทม.,ศูนย์บริการงานเอกสาร (NB Graphic design),ธนบุรีศึกษา สาขาสุขาภิบาล3,,,,,,,ใช้งาน,3,มี.ค,25,,,
กทม.-41,,กทม.,ศูนย์บริการงานเอกสาร (NB Graphic design),TOYOTA SPI สุขาภิบาล 2   (โชว์รูมเสรีไทย),,,,,,,ใช้งาน,3,มี.ค,ปรับปรุง,,,
กทม.-42,,กทม.,ศูนย์บริการงานเอกสาร (NB Graphic design),มนตรีทรานสปอร์ต,,,,,,,ใช้งาน,3,มี.ค,25,,,
กทม.-43,,กทม.,Talents International Pre-school,สหกรณ์เครดิตยูเนี่ยน คลองจั่น,,,,,,,ใช้งาน,3,มี.ค,ปิด,,,
กทม.-44,,กทม.,บริษัท เจ.ไอ.เอ็ม โมเดลลิ่ง เอเจนซี่ จำกัด,เดอะมอลล์บางกะปิ,,,,,,,ใช้งาน,3,มี.ค,มี.ค.,,,
กทม.-45,,กทม.,เดอะมอลล์บางกะปิ  ผจก.ทั่วไป,ถนน บางนา-ตราด,,,,,,,ใช้งาน,3,มี.ค,มี.ค.,,,
กทม.-46,,กทม.,ร้านมินิมาร์ท ปั๊มคาลเท็กซ์ กม.57,โลตัสบางพลี(บางนา),,,,,,,ใช้งาน,3,มี.ค,มี.ค.,,,
กทม.-47,,กทม.,ร้านมินิมาร์ท ปั๊มคาลเท็กซ์ กม.57,ธนาคารกรุงไทย มาเก็ตวิลเลจ สุวรรณภูมิ (จิ๋ว),,ย้ายมาอยู่ตึกหน้า ชั้น 3,,,,,ใช้งาน,3,มี.ค,21,,,
กทม.-48,,กทม.,Southern Coffee โลตัสบางพลี(บางนา),ดอนเมือง,,,,,,,ใช้งาน,3,มี.ค,มี.ค.,,,
กทม.-49,,กทม.,ไปรษณีย์วัดไผ่เขียว,ม.เมืองเอก,,,,,,,ใช้งาน,3,มี.ค,มี.ค.,,,
กทม.-50,,กทม.,สวนอาหารบ้านพักผ่อน,ร้านสวัสดิการทหารอากาศ ทุ่งสีกัน 2,,,,,,,ใช้งาน,3,มี.ค,23,,,
กทม.-51,,กทม.,สวนอาหารบ้านพักผ่อน,สรงประภา,,,,,,,ใช้งาน,3,มี.ค,มี.ค.,,,
กทม.-52,,กทม.,สถานีตำรวจนครบาลดอนเมือง,ร้านสวัสดิการกรมทหารสื่อสาร,,,(ซุปเปอร์มาร์เก็ต),,,,ใช้งาน,3,มี.ค,23,,,
กทม.-53,,กทม.,ต.สินเจริญ (สถานตรวจสภาพรถยนต์),สีกันการแพทย์คลีนิคเวชกรรม,,,,,,,ใช้งาน,3,มี.ค,3,,,
"กทม.-https://www.google.com/maps/place/%E0%B8%8B%E0%B8%AD%E0%B8%A2+%E0%B8%AA%E0%B8%A3%E0%B8%93%E0%B8%84%E0%B8%A1%E0%B8%99%E0%B9%8C15+%E0%B9%81%E0%B8%82%E0%B8%A7%E0%B8%87%E0%B8%AA%E0%B8%B5%E0%B8%81%E0%B8%B1%E0%B8%99+%E0%B8%94%E0%B8%AD%E0%B8%99%E0%B9%80%E0%B8%A1%E0%B8%B7%E0%B8%AD%E0%B8%87+%E0%B8%81%E0%B8%A3%E0%B8%B8%E0%B8%87%E0%B9%80%E0%B8%97%E0%B8%9E%E0%B8%A1%E0%B8%AB%E0%B8%B2%E0%B8%99%E0%B8%84%E0%B8%A3+10210/@13.928892,100.5995571,3a,75y,84.74h,85.6t/data=!3m7!1e1!3m5!1sMtfLcyGiwL24VV-jmABZ7w!2e0!6shttps:%2F%2Fstreetviewpixels-pa.googleapis.com%2Fv1%2Fthumbnail%3Fcb_client%3Dmaps_sv.tactile%26w%3D900%26h%3D600%26pitch%3D4.400550734770604%26panoid%3DMtfLcyGiwL24VV-jmABZ7w%26yaw%3D84.74151034621727!7i16384!8i8192!4m6!3m5!1s0x30e28269d006131d:0x2c10b961c88d5205!8m2!3d13.9296004!4d100.5983594!16s%2Fg%2F1q660tl0n?entry=ttu&g_ep=EgoyMDI1MDcyMy4wIKXMDSoASAFQAw%3D%3D","https://www.google.com/maps/place/%E0%B8%8B%E0%B8%AD%E0%B8%A2+%E0%B8%AA%E0%B8%A3%E0%B8%93%E0%B8%84%E0%B8%A1%E0%B8%99%E0%B9%8C15+%E0%B9%81%E0%B8%82%E0%B8%A7%E0%B8%87%E0%B8%AA%E0%B8%B5%E0%B8%81%E0%B8%B1%E0%B8%99+%E0%B8%94%E0%B8%AD%E0%B8%99%E0%B9%80%E0%B8%A1%E0%B8%B7%E0%B8%AD%E0%B8%87+%E0%B8%81%E0%B8%A3%E0%B8%B8%E0%B8%87%E0%B9%80%E0%B8%97%E0%B8%9E%E0%B8%A1%E0%B8%AB%E0%B8%B2%E0%B8%99%E0%B8%84%E0%B8%A3+10210/@13.928892,100.5995571,3a,75y,84.74h,85.6t/data=!3m7!1e1!3m5!1sMtfLcyGiwL24VV-jmABZ7w!2e0!6shttps:%2F%2Fstreetviewpixels-pa.googleapis.com%2Fv1%2Fthumbnail%3Fcb_client%3Dmaps_sv.tactile%26w%3D900%26h%3D600%26pitch%3D4.400550734770604%26panoid%3DMtfLcyGiwL24VV-jmABZ7w%26yaw%3D84.74151034621727!7i16384!8i8192!4m6!3m5!1s0x30e28269d006131d:0x2c10b961c88d5205!8m2!3d13.9296004!4d100.5983594!16s%2Fg%2F1q660tl0n?entry=ttu&g_ep=EgoyMDI1MDcyMy4wIKXMDSoASAFQAw%3D%3D",กทม.,ธนาคารออมสิน สาขาสรงประภา,โรงพยาบาลสัตว์เลิศบวรสัตวแพทย์,,,ถนนสรณคมณ์,,,,ใช้งาน,3,มี.ค,3,,,
กทม.-55,,กทม.,ธนาคารออมสิน สาขาสรงประภา,Tooney Cafe coffee ศรีสมาน,,,,,,,ใช้งาน,3,มี.ค,ปิด,,,
กทม.-56,,กทม.,สไมล์เมท แอ็ท  โรบินสันศรีสมาน(กล่องจิ๋ว),ศรีนครินทร์,,,,,,,ใช้งาน,3,มี.ค,มี.ค.,,,
ราชบุรี-1,1,ราชบุรี,,สำนักงานเทศบาลเมืองท่าผา,,,,,,,ใช้งาน,3,,,,,
ราชบุรี-2,2,ราชบุรี,,เทศบาลตำบลหนองโพ,,,ติดต่อห้องสำนักงานปลัด,,,,ใช้งาน,3,,,,,
ราชบุรี-3,3,ราชบุรี,,ร้านDoนม Coffee  Milk  Food Culture,,,,,,,ใช้งาน,3,,,,,
ราชบุรี-4,4,ราชบุรี,,ไปรษณีย์ไทย สาขาโพธาราม,,,,,,,ใช้งาน,3,,,,,
ราชบุรี-5,5,ราชบุรี,,แอดไวซ์ โพธาราม,,,,,,,ใช้งาน,3,,,,,
ราชบุรี-6,6,ราชบุรี,,โรงพยาบาลสัตว์เมืองโอ่ง,,,,,,,ใช้งาน,3,,,,,
ราชบุรี-7,7,ราชบุรี,,การเคหะชุมชนราชบุรี,,,,,,,ใช้งาน,3,,,,,
ราชบุรี-8,8,ราชบุรี,,ร้านแบ่งปัน สาขากรมการทหารช่าง,,,,,,,ใช้งาน,3,,,,,
ราชบุรี-9,9,ราชบุรี,,IT City (ไอที ซิตี้  ),ชั้น2,,ITซันนี่,,,,ใช้งาน,3,,,,,
ราชบุรี-10,10,ราชบุรี,,ร้าน Sunmart(อยู่ใน ไอทีซิตี้),,,,,,,ใช้งาน,3,,,,,
ราชบุรี-11,11,ราชบุรี,,E Driving School. Driver,,,(โรงเรียนสอนขับรถอี ไดรเวอร์),,,,ใช้งาน,3,,,,,
ราชบุรี-12,12,ราชบุรี,,Cafe' Society ราชบุรี,,ถนนวรเดช ตรงข้ามกับเหล่ากาชาดราชบุรี ใกล้กับจวนผู้ว่าราชบุรี(ปิดทุกวันจัทร์),,,,,ใช้งาน,3,,,,,
ราชบุรี-13,13,ราชบุรี,,ร้านอ่างบัว ดีไซน์ ตัดสติ๊กเกอร์,,,,,,,ใช้งาน,3,,,,,
ราชบุรี-14,14,ราชบุรี,,ร้านขายชุดนักเรียนวีนัส,,กล่องจิ๋ว,,,,,ใช้งาน,3,,,,,
ราชบุรี-15,15,ราชบุรี,,ธนาคารกรุงไทย ถนนคฑาธร,,,หน้าโรงเรียนดรุณา,,,,ใช้งาน,3,,,,,
ราชบุรี-16,16,ราชบุรี,,ธนาคารกรุงไทย สาขาศรีสุริยวงศ์,,,,,,,ใช้งาน,3,,,,,
ราชบุรี-17,17,ราชบุรี,,ศูนย์บริการ NT ราชบุรี,,,ถ.ศรีสุริยวงศ์,,,,ใช้งาน,3,,,,,
ราชบุรี-18,18,ราชบุรี,,ธนาคารกรุงไทย ถนนไกรเพชร,,กล่องจิ๋ว,,,,,ใช้งาน,3,,,,,
ราชบุรี-19,19,ราชบุรี,,ธนาคารกรุงไทย จก.(มหาชน),,,สาขาถนนคฑาธร,,,,ใช้งาน,3,,,,,
ราชบุรี-20,20,ราชบุรี,,สำนักงานสรรพสามิตพื้นที่ราชบุรี,,,ถนนศรีสุริยวงศ์,,,,ใช้งาน,3,,,,,
ราชบุรี-21,21,ราชบุรี,,สหกรณ์การเกษตรเมืองราชบุรี จำกัด,,,อยู่ในปั๊ม PT,,,,ใช้งาน,3,,,,,
ราชบุรี-22,22,ราชบุรี,,กองประปาเทศบาลเมือง ราชบุรี,,,ถนนบ้านปรก,,,,ใช้งาน,3,,,,,
ราชบุรี-23,23,ราชบุรี,,ร้านติ๋มเค้กมะพร้าวอ่อน,,,เพชรเกษม กม.88,,,,ใช้งาน,3,,,,,
ราชบุรี-24,24,ราชบุรี,,ร้านกินจุคาเฟ่ GINJU Cafe,,โทร.091-716-4995,ถนนท้าวอู่ทอง ติดกับบ้านคนรักรถ,,,,ใช้งาน,3,,,,,
ราชบุรี-25,25,ราชบุรี,,สวนอาหารมะม่วงคู่,,โทร.090-992-3397,ตำบล เจดีย์หัก อำเภอเมือง,,,,ใช้งาน,3,,,,,
ราชบุรี-26,26,ราชบุรี,,Tara Coffee ธาราคอฟฟี่,,,ใกล้โรงเรียน+วัดบางกระ,,,,ใช้งาน,3,,,,,
ราชบุรี-27,27,ราชบุรี,,ต้นโพธิ์ รีสอร์ท บ้านโป่ง,,,,,,,ใช้งาน,3,,,,,
ราชบุรี-28,28,ราชบุรี,,ร้านยาทรัพย์อุดมเภสัช 2,,,แยกโพธิ์คู่,,,,ใช้งาน,3,,,,,
ราชบุรี-29,29,ราชบุรี,,ร้านอาหารดงยาง บ้านโป่ง ราชบุรี,,โทร.081-269-3079,431  ตำบลสวนกล้วย  ตรงข้ามโรงเรียนค่ายลูกเสือบ้านโป่ง,,,,ใช้งาน,3,,,,,
ราชบุรี-30,30,ราชบุรี,,ที่ทำการไปรษณีย์บ้านโป่ง,,,,,,,ใช้งาน,3,,,,,
ราชบุรี-31,31,ราชบุรี,,สถานีตำรวจภูธรบ้านโป่ง,,,,,,,ใช้งาน,3,,,,,
ราชบุรี-32,32,ราชบุรี,,สำนักงานสรรพากรพื้นที่ สาขาบ้านโป่ง,,,,,,,ใช้งาน,3,,,,,
ราชบุรี-33,33,ราชบุรี,,ศูนย์บริการ NT บ้านโป่ง 1,,,,,,,ใช้งาน,3,,,,,
ราชบุรี-34,34,ราชบุรี,,Baanna Kafe - บ้านนากาแฟ,,,บ้านทุ่งโพธิ์ทอง บ้านโป่ง ราชบุรี (ตรงข้ามโรงสี),,,,ใช้งาน,3,,,,,
ราชบุรี-35,35,ราชบุรี,,Gardena Cafe and Gallery,,โทร.081-818-6246,18/1 หมู่ 3 ตำบล วัดแก้ว อำเภอบางแพ ราชบุรี,,,,ใช้งาน,3,,,,,
ราชบุรี-36,36,ราชบุรี,,ครัวลุงรงค์ โพธาราม,,,,,,,ใช้งาน,3,,,,,
ราชบุรี-37,37,ราชบุรี,,ร้านอาหารลมโชย จอมบึง,,,,,,,ใช้งาน,3,,,,,
ราชบุรี-38,38,ราชบุรี,,ศูนย์บริการ NT จอมบึง,,,,,,,ใช้งาน,3,,,,,
ราชบุรี-39,39,ราชบุรี,,ร้านก๋วยจั๊บ น่องไก่ อาหารตามสั่ง,,,,,,,ใช้งาน,3,,,,,
เพชรบุรี ประจวบ-96,,เพชรบุรี ประจวบ,,ร้าน หนุ่มแกงป่า สมุทรสาคร(จิ๋ว),,อยู่ทางไปสมุทรสาคร ข้างๆปั๊ม ปตท.,,,,,ใช้งาน,3,ม.ค,13,,,
เพชรบุรี ประจวบ-97,,เพชรบุรี ประจวบ,,ร้าน รุจโอฬาร มินมาร์ท,,กม.55+100,ขาออก กทม.,,,,ใช้งาน,3,ม.ค,13,,,
เพชรบุรี ประจวบ-98,,เพชรบุรี ประจวบ,,COPPER​ Cafe,,,,,,,ใช้งาน,3,ม.ค,น้อย,,,
เพชรบุรี ประจวบ-99,,เพชรบุรี ประจวบ,,ศูนย์อาหาร ในปั๊มปตท วังมะนาว กม.4,,4569,,,,,ใช้งาน,3,ม.ค,13,,,
เพชรบุรี ประจวบ-100,,เพชรบุรี ประจวบ,อ.เขาย้อย,ร้านแม่ล้วน (กล่องใหญ่),,,ขาเข้าเพชรบุรี,,,,ใช้งาน,3,ม.ค,13,,,
เพชรบุรี ประจวบ-101,,เพชรบุรี ประจวบ,อ.เขาย้อย,(วีเทคเทลแอนด์คอม)AIS เขาย้อย,,,,,,,ใช้งาน,3,ม.ค,13,,,
เพชรบุรี ประจวบ-102,,เพชรบุรี ประจวบ,อ.เขาย้อย,สหกรณ์เครดิตยูเนี่ยนวัดยางเขาย้อย จก,,,,,,,ใช้งาน,3,ม.ค,13,,,
เพชรบุรี ประจวบ-103,,เพชรบุรี ประจวบ,อ.เขาย้อย,ร้านป้าย้อย มินิมาร์ท เขาย้อย,,,เยื้องกับปั๊ม PT LPG,,,,ใช้งาน,3,ม.ค,13,,,
เพชรบุรี ประจวบ-104,,เพชรบุรี ประจวบ,อ.เมือง,ร้านขายของชำป้ายูร,,เลยเพชรพิชารีสอร์ทมา 300 เมตร,,,,,ใช้งาน,3,ม.ค,น้อย,,,
เพชรบุรี ประจวบ-105,,เพชรบุรี ประจวบ,อ.เมือง,ร้านก๋วยเตี๋ยวไม่ต้องเติม,,,,,,,ใช้งาน,3,ม.ค,15,,,
เพชรบุรี ประจวบ-106,,เพชรบุรี ประจวบ,อ.เมือง,ร้านก๋วยเตี๋ยวเนื้อลุงน้อย,,,ปากซอยไร่ส้ม 26 ใกล้ปั๊ม พีที,,,,ใช้งาน,3,ม.ค,15,,,
เพชรบุรี ประจวบ-107,,เพชรบุรี ประจวบ,อ.เมือง,สำนักงาน สกสค.จังหวัดเพชรบุรี,,โครงการ เขา วัง เมือง ใหม่ 680/51-52 ตำบล บ้านหม้อ,,,,,ใช้งาน,3,ม.ค,13,,,
เพชรบุรี ประจวบ-108,,เพชรบุรี ประจวบ,อ.เมือง,ร.พ.มหาชัยเพชรรัตน์,,กม.159,ใกล้บิ๊กซี,,,,ใช้งาน,3,ม.ค,13,,,
เพชรบุรี ประจวบ-**เก่าหาย,**เก่าหาย,เพชรบุรี ประจวบ,โรงพยาบาลบ้านสัตว์เลี้ยง,การไฟฟ้าส่วนภูมิภาคเพชรบุรี,,(กล่องจิ๋ว),ถ.ราชดำเนิน,,,,ใช้งาน,3,ม.ค,ใหม่,,,
เพชรบุรี ประจวบ-110,,เพชรบุรี ประจวบ,แม่กิมไล้ขนมหม้อแกง (หัวสะพาน),ร้านขนมหม้อแกงฉันทิศา หัวสะพาน,,,กม.174,,,,ใช้งาน,3,ม.ค,น้อย,,,
เพชรบุรี ประจวบ-111,,เพชรบุรี ประจวบ,แม่กิมไล้ขนมหม้อแกง (หัวสะพาน),M Shop ( บ.เอส วี เซ็นเตอร์),,,บิ๊กซี จ.เพชรบุรี,,,,ใช้งาน,3,ม.ค,น้อย,,,
เพชรบุรี ประจวบ-112,,เพชรบุรี ประจวบ,ไปรษณีย์ จ.เพชรบุรี,กานต์ชนก คลินิกเวชกรรม(พระนครคีรี),,,,,,,ใช้งาน,3,ม.ค,13,,,
เพชรบุรี ประจวบ-113,,เพชรบุรี ประจวบ,ร้านยาวังสุขภาพ(พระนครคีรี),ธนาคารกรุงไทย สาขาพระนครคีรี(จิ๋ว),,,,,,,ใช้งาน,3,ม.ค,13,,,
เพชรบุรี ประจวบ-114,,เพชรบุรี ประจวบ,ร้านยาวังสุขภาพ(พระนครคีรี),บ้านขนมนันทวัน,,ขาเข้า กทม.,เยื้องเขาวัง,,,,ใช้งาน,3,ม.ค,15,,,
เพชรบุรี ประจวบ-115,,เพชรบุรี ประจวบ,ร้านยาวังสุขภาพ(พระนครคีรี),บ้านขนมนันทวัน,,,,,,,ใช้งาน,3,ม.ค,15,,,
เพชรบุรี ประจวบ-116,,เพชรบุรี ประจวบ,ร้านยาวังสุขภาพ(พระนครคีรี),ขนมหม้อเเกงบ้านพวงเดช,,,หาดเจ้าสำราญ,,,,ใช้งาน,3,ม.ค,15,,,
เพชรบุรี ประจวบ-117,,เพชรบุรี ประจวบ,ร้านยาวังสุขภาพ(พระนครคีรี),ไปรษณีย์ไทย สาขาหาดเจ้าสำราญ,,,,,,,ใช้งาน,3,ม.ค,14,,,
เพชรบุรี ประจวบ-118,,เพชรบุรี ประจวบ,ร้านยาวังสุขภาพ(พระนครคีรี),ร้าน Smile Beach หาดเจ้าสำราญ 2,,,,,,,ใช้งาน,3,ม.ค,14,,,
เพชรบุรี ประจวบ-119,,เพชรบุรี ประจวบ,ร้านยาวังสุขภาพ(พระนครคีรี),ทรัพย์สกุล ขนมหวาน,,,,,,,ใช้งาน,3,ม.ค,14,,,
เพชรบุรี ประจวบ-120,,เพชรบุรี ประจวบ,ร้านยาวังสุขภาพ(พระนครคีรี),หาดเจ้าเภสัช ข้างไปรษณีย์หาดเจ้าสำราญ,,,,,,,ใช้งาน,3,ม.ค,14,,,
เพชรบุรี ประจวบ-121,,เพชรบุรี ประจวบ,ร้านยาวังสุขภาพ(พระนครคีรี),เพชร พลอย เพทาย รีสอร์ท ที่พักนักเดินทาง,,,,,,,ใช้งาน,3,ม.ค,14,,,
เพชรบุรี ประจวบ-122,,เพชรบุรี ประจวบ,ร้านยาวังสุขภาพ(พระนครคีรี),สถานีตำรวจภูธรหาดเจ้าสำราญ,,,,,,,ใช้งาน,3,ม.ค,น้อย,,,
เพชรบุรี ประจวบ-123,,เพชรบุรี ประจวบ,ร้านยาวังสุขภาพ(พระนครคีรี),บ้านพักสัมมนาสภาคริสตจักรในประเทศไทย,,,,,,,ใช้งาน,3,ม.ค,14,,,
เพชรบุรี ประจวบ-124,,เพชรบุรี ประจวบ,ร้านยาวังสุขภาพ(พระนครคีรี),ร้านต้มเล้ง ต้มเนื้อ(ครัวเมืองเพชร),,,,,,,ใช้งาน,3,ม.ค,14,,,
"เพชรบุรี ประจวบ-https://www.google.com/maps/place/%E0%B9%81%E0%B8%A1%E0%B9%88%E0%B8%81%E0%B8%B4%E0%B8%A1%E0%B9%84%E0%B8%A5%E0%B9%89%E0%B8%82%E0%B8%99%E0%B8%A1%E0%B8%AB%E0%B8%A1%E0%B9%89%E0%B8%AD%E0%B9%81%E0%B8%81%E0%B8%87+%E0%B8%AA%E0%B8%B2%E0%B8%82%E0%B8%B2%E0%B9%84%E0%B8%A3%E0%B9%88%E0%B8%AA%E0%B9%89%E0%B8%A1/@13.1170485,99.9071652,19z/data=!3m1!4b1!4m6!3m5!1s0x30fd277936b4ffc1:0x722f843ff144e9a2!8m2!3d13.1170472!4d99.9078089!16s%2Fg%2F1hm63gxyy?entry=ttu&g_ep=EgoyMDI1MDcyMy4wIKXMDSoASAFQAw%3D%3D","https://www.google.com/maps/place/%E0%B9%81%E0%B8%A1%E0%B9%88%E0%B8%81%E0%B8%B4%E0%B8%A1%E0%B9%84%E0%B8%A5%E0%B9%89%E0%B8%82%E0%B8%99%E0%B8%A1%E0%B8%AB%E0%B8%A1%E0%B9%89%E0%B8%AD%E0%B9%81%E0%B8%81%E0%B8%87+%E0%B8%AA%E0%B8%B2%E0%B8%82%E0%B8%B2%E0%B9%84%E0%B8%A3%E0%B9%88%E0%B8%AA%E0%B9%89%E0%B8%A1/@13.1170485,99.9071652,19z/data=!3m1!4b1!4m6!3m5!1s0x30fd277936b4ffc1:0x722f843ff144e9a2!8m2!3d13.1170472!4d99.9078089!16s%2Fg%2F1hm63gxyy?entry=ttu&g_ep=EgoyMDI1MDcyMy4wIKXMDSoASAFQAw%3D%3D",เพชรบุรี ประจวบ,ร้านยาวังสุขภาพ(พระนครคีรี),แม่กิมไล้ขนมหม้อแกง  (ไร่ส้ม),,,,,,,ใช้งาน,3,ม.ค,14,,,
เพชรบุรี ประจวบ-126,,เพชรบุรี ประจวบ,อ.บ้านลาด,ไปรษณีย์ บ้านลาด,,,,,,,ใช้งาน,3,ม.ค,14,,,
เพชรบุรี ประจวบ-127,,เพชรบุรี ประจวบ,อ.บ้านลาด,ร้านขนมหม้อแกง ชิดชนก,,,กม.159,,,,ใช้งาน,3,ม.ค,14,,,
เพชรบุรี ประจวบ-128,,เพชรบุรี ประจวบ,อ.ท่ายาง,ร้านขนมหม้อแกงแม่แวว,,ติดกับโรงแรมเท็ชเชอรี่ กม.163,,,,,ใช้งาน,3,ม.ค,13,,,
เพชรบุรี ประจวบ-129,,เพชรบุรี ประจวบ,อ.ท่ายาง,ร้านข้าวแกงทิพย์วัลย์,,,,,,,ใช้งาน,3,ม.ค,ใหม่,,,
เพชรบุรี ประจวบ-130,,เพชรบุรี ประจวบ,อ.ท่ายาง,ร้านขนมหม้อแกง พ่อเข่ง,,,เขาวัง กม.166,,,,ใช้งาน,3,ม.ค,13,,,
เพชรบุรี ประจวบ-131,,เพชรบุรี ประจวบ,ร้านขนมหม้อแกงแม่ละเมียด,ธนาคารออมสิน สาขาท่ายาง,,,,,,,ใช้งาน,3,ม.ค,14,,,
"เพชรบุรี ประจวบ-https://www.google.com/maps/@12.9728582,99.8943728,3a,75y,170.37h,88.29t/data=!3m7!1e1!3m5!1sVyjyoLVgnv3Vv_XRrgAkYA!2e0!6shttps:%2F%2Fstreetviewpixels-pa.googleapis.com%2Fv1%2Fthumbnail%3Fcb_client%3Dmaps_sv.tactile%26w%3D900%26h%3D600%26pitch%3D1.7088050016352838%26panoid%3DVyjyoLVgnv3Vv_XRrgAkYA%26yaw%3D170.36761795432398!7i16384!8i8192?entry=ttu&g_ep=EgoyMDI1MDYzMC4wIKXMDSoASAFQAw%3D%3D","https://www.google.com/maps/@12.9728582,99.8943728,3a,75y,170.37h,88.29t/data=!3m7!1e1!3m5!1sVyjyoLVgnv3Vv_XRrgAkYA!2e0!6shttps:%2F%2Fstreetviewpixels-pa.googleapis.com%2Fv1%2Fthumbnail%3Fcb_client%3Dmaps_sv.tactile%26w%3D900%26h%3D600%26pitch%3D1.7088050016352838%26panoid%3DVyjyoLVgnv3Vv_XRrgAkYA%26yaw%3D170.36761795432398!7i16384!8i8192?entry=ttu&g_ep=EgoyMDI1MDYzMC4wIKXMDSoASAFQAw%3D%3D",เพชรบุรี ประจวบ,ร้านขนมหม้อแกงแม่ละเมียด,ร้านส.เจริญสหกิจ1991,,,(ทางเข้า),,,,ใช้งาน,3,ม.ค,14,,,
เพชรบุรี ประจวบ-133,,เพชรบุรี ประจวบ,ไปรษณีย์ ท่ายาง,ธนาคารกรุงไทย ท่ายาง,,(กล่องจิ๋ว),0-3243-7642-3,,,,ใช้งาน,3,ม.ค,14,,,
เพชรบุรี ประจวบ-134,,เพชรบุรี ประจวบ,ร้าน HOME MART สาขาท่ายาง,ร้านขนมหม้อแกงแม่บุญล้น (ขาเข้ากทม.),,(ติดถนนเพชรเกษม) กม.180,,,,,ใช้งาน,3,ม.ค,ปิด,,,
เพชรบุรี ประจวบ-135,,เพชรบุรี ประจวบ,ร้าน HOME MART สาขาท่ายาง,แม่กิมไล้ขนมหม้อแกง (ท่ายาง),,กม.155 ขาเข้ากทม.,,,,,ใช้งาน,3,ม.ค,14,,,
เพชรบุรี ประจวบ-136,,เพชรบุรี ประจวบ,อ.ชะอำ,สำนักงานขนส่งเพชรบุรี สาขาชะอำ อาคาร 2,,,ประชาสัมพันธ์,,,,ใช้งาน,3,ม.ค,13,,,
เพชรบุรี ประจวบ-137,,เพชรบุรี ประจวบ,อ.ชะอำ,การไฟฟ้าชะอำ,,(กล่องจิ๋ว),,,,,ใช้งาน,3,ม.ค,14,,,
เพชรบุรี ประจวบ-138,,เพชรบุรี ประจวบ,อ.ชะอำ,ห้างหุ้นส่วนจำกัด โชควิชัยค้าวัสดุ สาขาชะอำ,,,,,,,ใช้งาน,3,ม.ค,น้อย,,,
เพชรบุรี ประจวบ-139,,เพชรบุรี ประจวบ,อ.ชะอำ,ธนาคารกรุงไทย ชะอำ,,(กล่องจิ๋ว),,,,,ใช้งาน,3,ม.ค,13,,,
เพชรบุรี ประจวบ-140,,เพชรบุรี ประจวบ,อ.ชะอำ,ไปรษณีย์ไทย สาขาชะอำ,,,,,,,ใช้งาน,3,ม.ค,13,,,
เพชรบุรี ประจวบ-141,,เพชรบุรี ประจวบ,ศูนย์บริการ NT สาขาชะอำ,คลีนิคนายแพทย์สำราญ,,ทางเข้าหาดชะอำ,,,,,ใช้งาน,3,ม.ค,13,,,
เพชรบุรี ประจวบ-142,,เพชรบุรี ประจวบ,ศูนย์บริการ NT สาขาชะอำ,โกลเด้นบีช ชะอำ(อยู่ใกล้ตู้ ATM กรุงศรี),,023-833-40,หาดชะอำ,,,,ใช้งาน,3,ม.ค,13,,,
เพชรบุรี ประจวบ-143,,เพชรบุรี ประจวบ,ศูนย์บริการ NT สาขาชะอำ,โรงแรม ลองบีช ชะอำ(ฝ่ายบุคคล),,,หาดชะอำ,,,,ใช้งาน,3,ม.ค,13,,,
เพชรบุรี ประจวบ-144,,เพชรบุรี ประจวบ,ศูนย์บริการ NT สาขาชะอำ,ร้านกาแฟสด หาดทิพย์ซีฟู๊ด,,(กล่องจิ๋ว),หาดชะอำ,,,,ใช้งาน,3,ม.ค,13,,,
เพชรบุรี ประจวบ-145,,เพชรบุรี ประจวบ,ชะอำวิลล่า(กล่องจิ๋ว),โรงแรมเอเชียชะอำ,,,,,,,ใช้งาน,3,ม.ค,ใหม่,,,
เพชรบุรี ประจวบ-146,,เพชรบุรี ประจวบ,ชะอำวิลล่า(กล่องจิ๋ว),นิพนธ์ รีสอร์ท,,,หาดชะอำ,,,,ใช้งาน,3,ม.ค,น้อย,,,
เพชรบุรี ประจวบ-147,,เพชรบุรี ประจวบ,ร้านข้าวแกงแม่เล็ก,ร้านแม่กิมลุ้ย สาขาชะอำ,,,ติด premium Outlet ชะอำ,,,,ใช้งาน,3,ม.ค,14,,,
เพชรบุรี ประจวบ-148,,เพชรบุรี ประจวบ,ร้านชะอำเภสัช,โฮมมาร์ท ไทยนิยมเทรดดิ้ง,,,,,,,ใช้งาน,3,ม.ค,14,,,
เพชรบุรี ประจวบ-149,,เพชรบุรี ประจวบ,ร้านชะอำเภสัช,กองการประปาเทศบาลเมืองชะอำ,,,,,,,ใช้งาน,3,ม.ค,14,,,
เพชรบุรี ประจวบ-150,,เพชรบุรี ประจวบ,บริษัท แสนดี ซุปเปอร์ จำกัด,คลินิกเกษมสัตว์แพทย์ ซอย 64/1 (กล่องจิ๋ว),,,,,,,ใช้งาน,3,ม.ค,14,,,
เพชรบุรี ประจวบ-151,,เพชรบุรี ประจวบ,บริษัท แสนดี ซุปเปอร์ จำกัด,ร้านเดอะซันช็อป หัวหิน (กล่องจิ๋ว),,,,,,,ใช้งาน,3,ม.ค,14,,,
เพชรบุรี ประจวบ-152,,เพชรบุรี ประจวบ,บริษัท แสนดี ซุปเปอร์ จำกัด,ร้านขายยาปันยาฟาร์มาซี หัวหิน,,,,,,,ใช้งาน,3,ม.ค,14,,,
เพชรบุรี ประจวบ-153,,เพชรบุรี ประจวบ,บริษัท แสนดี ซุปเปอร์ จำกัด,ไปรษณีย์ไทย สาขาปราณบุรี,,,,,,,ใช้งาน,3,ม.ค,13,,,
เพชรบุรี ประจวบ-154,,เพชรบุรี ประจวบ,บริษัท แสนดี ซุปเปอร์ จำกัด,ไปรษณีย์สามร้อยยอด,,,,,,,ใช้งาน,3,ม.ค,13,,,
เพชรบุรี ประจวบ-155,,เพชรบุรี ประจวบ,ร้านเครื่องเขียนโสภา(ย้ายไปอีกที่หนึ่ง),โรงแรมฮิลตัล หัวหิน,,ติดต่อแผนกบุคคล,,,,,ใช้งาน,3,ม.ค,14,,,
เพชรบุรี ประจวบ-156,,เพชรบุรี ประจวบ,ร้านเครื่องเขียนโสภา(ย้ายไปอีกที่หนึ่ง),ธนาคารออมสินหัวหิน (กล่องจิ๋ว),,,,,,,ใช้งาน,3,ม.ค,น้อย,,,
เพชรบุรี ประจวบ-157,,เพชรบุรี ประจวบ,ร้านเครื่องเขียนโสภา(ย้ายไปอีกที่หนึ่ง),ธนาคารกรุงไทย หัวหิน,,,,,,,ใช้งาน,3,ม.ค,14,,,
เพชรบุรี ประจวบ-158,,เพชรบุรี ประจวบ,อ่าวมะนาว-คลองวาฬ,ที่ว่าการอำเภอประจวบคีรีขันธ์,,,ถนนเทศบาลบำรุง,,,,ใช้งาน,3,ม.ค,13,,,
เพชรบุรี ประจวบ-159,,เพชรบุรี ประจวบ,อ่าวมะนาว-คลองวาฬ,โรงแรมประจวบแกรนด์ Prachuap Grand Hotel,,,ถนนสละชีพ,,,,ใช้งาน,3,ม.ค,13,,,
เพชรบุรี ประจวบ-160,,เพชรบุรี ประจวบ,อ่าวมะนาว-คลองวาฬ,สถานีตำรวจภูธรเมืองประจวบคีรีขันธ์,,,,,,,ใช้งาน,3,ม.ค,น้อย,,,
เพชรบุรี ประจวบ-161,,เพชรบุรี ประจวบ,อ่าวมะนาว-คลองวาฬ,สำนักงานพาณิชย์จังหวัดประจวบ,,,,,,,ใช้งาน,3,ม.ค,14,,,
เพชรบุรี ประจวบ-162,,เพชรบุรี ประจวบ,อ่าวมะนาว-คลองวาฬ,ร้านกาแฟ Beam Coffee Cup,,ย้ายมาอยู่ใน รพ.ประจวบแผนกตรวจเลือด,,,,,ใช้งาน,3,ม.ค,13,,,
เพชรบุรี ประจวบ-163,,เพชรบุรี ประจวบ,อ่าวมะนาว-คลองวาฬ,ครัวฟ้าทะลายโจร คลองวาฬ,,อยู่ข้างธนาคารกรุงเทพ,,,,,ใช้งาน,3,ม.ค,13,,,
เพชรบุรี ประจวบ-164,,เพชรบุรี ประจวบ,อ่าวมะนาว-คลองวาฬ,ศรีสมรฟู๊ดดริ้ง (Srisamorn Food&Drink),,,ใกล้วัดคลองวาฬ,,,,ใช้งาน,3,ม.ค,13,,,
เพชรบุรี ประจวบ-165,,เพชรบุรี ประจวบ,อ่าวมะนาว-คลองวาฬ,ร้านภควดีนวดเพื่อเสริมความงาม,,,,,,,ใช้งาน,3,ม.ค,ปิด,,,
เพชรบุรี ประจวบ-166,,เพชรบุรี ประจวบ,อ่าวมะนาว-คลองวาฬ,ร้านอาหารตามสั่งบัวชมพู Buachompoo,,ใกล้กับสถานีตำรวจภูธรคลองวาฬ,,,,,ใช้งาน,3,ม.ค,ปิด,,,
เพชรบุรี ประจวบ-*เก่าหาย,*เก่าหาย,เพชรบุรี ประจวบ,อ่าวมะนาว-คลองวาฬ,รพสต. สถานีอนามัยตำบลคลองวาฬ,,,,,,,ใช้งาน,3,ม.ค,13,,,
เพชรบุรี ประจวบ-168,,เพชรบุรี ประจวบ,อ่าวมะนาว-คลองวาฬ,ร้านมินิมาร์ท (ซอยเทศบาล 18 )ซอยลีลาวดี,,อยู่ใกล้กับร้าน ทอมโฟน,,,,,ใช้งาน,3,ม.ค,13,,,
เพชรบุรี ประจวบ-169,,เพชรบุรี ประจวบ,อ่าวมะนาว-คลองวาฬ,Flash Home คลองวาฬ,,,,,,,ใช้งาน,3,ม.ค,13,,,
เพชรบุรี ประจวบ-170,,เพชรบุรี ประจวบ,อ่าวมะนาว-คลองวาฬ,ร้านคลองวาฬเภสัช,,,ตรงข้ามป้อมตำรวจคลองวาฬ,,,,ใช้งาน,3,ม.ค,13,,,
เพชรบุรี ประจวบ-171,,เพชรบุรี ประจวบ,ช่างจั๊บกุญแจ เมืองประจวบ(ร้านกุญแจเมืองประจวบ),ห้องภาพไทอาร์ต คัลเลอร์ 2,,ถนนพิทักษ์ชาติ(032-611 662),,,,,ใช้งาน,3,ม.ค,น้อย,,,
เพชรบุรี ประจวบ-172,,เพชรบุรี ประจวบ,ช่างจั๊บกุญแจ เมืองประจวบ(ร้านกุญแจเมืองประจวบ),ร้านเสียงใหม่โฟน,,,,,,,ใช้งาน,3,ม.ค,13,,,
เพชรบุรี ประจวบ-173,,เพชรบุรี ประจวบ,ร้านกาแล็คซี่โฟน,ร้านประจวบเภสัช,,,,,,,ใช้งาน,3,ม.ค,13,,,
